
\c pizzadb;

INSERT INTO customer VALUES ('wstewart0@xrea.com',9910293831,'5 Thierer Drive','wstewart0','O6nj6BQ','Walter Stewart','M','1993-11-29'),
('jbutler1@disqus.com',9218372137,'98448 7th Lane','jbutler1','HuFVyI','Janice Butler','F','1930-12-06'),
('rgreene2@live.com',8291312893,'51036 Oakridge Circle','rgreene2','Rx8caGQ7','Raymond Greene','M','1950-07-09'),
('rstanley3@earthlink.net',9128379212,'52889 American Way','rstanley3','5OWbnucd','Ryan Stanley','M','1923-03-01'),
('rgutierrez4@usatoday.com',8679201113,'5544 Cascade Street','rgutierrez4','BDsHUXYMnl','Rebecca Gutierrez','F','1926-03-27'),
('sbell5@stumbleupon.com',8219731929,'26 Elmside Circle','sbell5','Jrg1gJS','Sandra Bell','F','2011-05-25'),
('njacobs6@aboutads.info',9309237111,'484 Cordelia Pass','njacobs6','RR0jK1Z','Nancy Jacobs','F','1954-12-14'),
('jdixon7@deviantart.com',9723821723,'6 Sage Lane','jdixon7','BFiNNskhZ','Jerry Dixon','M','1959-06-17'),
('tmorales8@kickstarter.com',8321653712,'62655 Victoria Terrace','tmorales8','yAEOeTEyH6','Tammy Morales','F','1936-08-18'),
('pvasquez9@goo.ne.jp',7128736218,'59881 Gerald Point','pvasquez9','EgAoIz','Phillip Vasquez','M','1986-10-16'),
('jharpera@google.fr',9381273612,'6 Shelley Court','jharpera','I9G6Y14We6NE','Jeffrey Harper','M','1997-08-20'),
('jjordanb@un.org',9786523922,'0680 6th Parkway','jjordanb','8EWfIFeI','Joyce Jordan','F','1947-11-14'),
('jclarkc@mlb.com',9102372938,'0 Banding Pass','jclarkc','mZau1vjvEfAU','Jeremy Clark','M','1963-06-06'),
('bmarshalld@unblog.fr',7736183722,'040 Pine View Trail','bmarshalld','yBo7kZYl3J','Beverly Marshall','F','1923-08-14'),
('aadamse@livejournal.com',7898237928,'96 Roxbury Point','aadamse','5IgfcSRNW8V','Anthony Adams','M','1949-03-31'),
('hmasonf@deliciousdays.com',9236218372,'5159 Center Junction','hmasonf','oXHgQzNt','Helen Mason','F','1989-09-10'),
('hmillsg@opensource.org',8672381263,'0 Golf Course Avenue','hmillsg','G3WK5Y47Lg','Harry Mills','M','1998-02-27'),
('clarsonh@umich.edu',9026328366,'988 Declaration Circle','clarsonh','frE363MWR','Carl Larson','M','1926-10-20'),
('chunteri@latimes.com',8983912873,'01444 Thompson Alley','chunteri','CUbr9k3AP','Carolyn Hunter','F','1994-04-09'),
('clawrencej@indiatimes.com',9120382039,'0878 Hallows Park','clawrencej','URwpyLZE','Christine Lawrence','F','1992-01-04');

INSERT INTO coupons VALUES ('2017-6-25', 20, 'Avail 20% off on all orders above Rs500', 'FH20'),('2017-6-25', 25, 'Avail 25% off on all orders above Rs550', 'FH25'), ('2017-4-25', 10, 'Avail 10% off when you order our new Special Pizzas with a beverage', 'FH10'), ('2017-7-23', 30, '30% off on orders above Rs600', 'FE60'), ('2017-3-25', 50, 'Avail Rs50 off on orders above Rs350', 'FS50');

INSERT INTO ingredients VALUES ('Onion', 5000, 'ON123'), ('Tomato',1500,'TOM123'), ('Cheese', 9999,'CHE123'),('Jalapenos', 9820,'JA123'), ('Seasoning',9000,'SEA123'),('Capsicum',7800,'CAP123'),('Corn',6000,'COR123'),('Olive',7900,'OLI123'),('Pepperoni',8000,'PEP123'),('Mushroom',3990,'MUS123'),('Maltija Sausage',5000,'MAL123'),('Doner Kebab',9760,'DON123'),('Kale',5700,'KAL123'),('Ham',3550,'HAM123'),('Meat',9900,'MEA123'),('Trufle Oil',5000,'TOIL123'),('Olive Oil',8000,'OOIL123');

INSERT INTO branch VALUES (9,'48 Kinsman Alley'),
(8,'5758 Schlimgen Circle'),
(5,'763 Golf Course Cross'),
(7,'2 Buhler Center'),
(8,'722 Nobel Parkway'),
(6,'3 Westerfield Street'),
(6,'859 Parkside Court'),
(9,'826 Arrowood Park'),
(9,'4 Blaine Hill'),
(9,'53 Shasta Crossing'); 


INSERT INTO stock VALUES
('29 Service Parkway','Service Foods', 'Tomato', 1000,'TOM123'),
('267 Morning Parkway','Parkway Foods', 'Capsicum', 1230,'CAP123'),
('499 Prairieview Hill','Prairie Foods', 'Onion', 1320,'ON123'),
('06 Northview Court','Northview Foods', 'Cheese', 6540,'CHE123'),
('041 Boyd Hill','Boydhill Foods', 'Jalapenos', 9450,'JA123'),
('0 Meadow Ridge Crossing','Meadowridge Foods', 'Corn', 3450,'COR123'),
('84 Eagan Center','Eagan Foods', 'Olive', 4350,'OLI123'),
('925 Stoughton Point','Stoughton Foods', 'Pepperoni', 5650,'PEP123'),
('15 Sugar Pass','SugarPass Foods', 'Mushroom', 5550,'MUS123'),
('3 Merrick Plaza','Merrick Foods', 'Seasoning', 4500,'SEA123');

INSERT INTO employee VALUES('Annie Cooper','1954-11-19',17418.92,'F','483-09-2818',9085768999,'48 Kinsman Alley'),
('Harry Welch','1972-09-11',66197.96,'M','908-61-1727',9876573444,'5758 Schlimgen Circle'),
('Theresa Phillips','1982-01-01',77538.85,'F','336-49-5935',9888843733,'4 Blaine Hill'),
('Sara Garrett','1974-06-07',77328.03,'F','270-58-8716',7009343232,'5758 Schlimgen Circle'),
('Joe Ward','1983-07-03',9276.19,'M','566-54-6650',7888946387,'48 Kinsman Alley'),
('James Russell','1962-05-24',78161.51,'M','682-50-2779',8888947389,'763 Golf Course Cross'),
('Eugene Owens','1953-06-02',98371.75,'M','528-47-5777',8899007833,'763 Golf Course Cross'),
('Mary Phillips','1953-01-20',93733.81,'F','496-62-6475',9908999890,'53 Shasta Crossing'),
('Fred Coleman','1995-05-10',68516.72,'M','452-98-0868',9875367777,'53 Shasta Crossing'),
('Diane Fernandez','1992-03-08',63923.56,'F','223-92-5785',8986211111,'763 Golf Course Cross'),
('Betty Freeman','1957-10-24',28691.07,'F','662-62-8404',8899667755,'3 Westerfield Street'),
('Howard Parker','1969-12-15',18110.45,'M','413-57-4922',8976543213,'48 Kinsman Alley'),
('Jerry Wright','1983-04-14',98119.78,'M','193-15-3108',7897634222,'48 Kinsman Alley'),
('Janet Collins','1983-04-01',26954.71,'F','476-76-6735',7634354323,'2 Buhler Center'),
('Christopher Howell','1983-04-05',9547.76,'M','461-20-2243',7676767632,'2 Buhler Center'),
('Henry Romero','1951-05-10',98646.55,'M','378-34-7534',7878787323,'3 Westerfield Street'),
('Earl Martinez','1959-08-28',5946.95,'M','841-97-7701',7899877899,'826 Arrowood Park'),
('Rachel Barnes','1961-02-11',61662.09,'F','393-76-0968',7222112222,'859 Parkside Court'),
('Craig Olson','1990-09-22',46866.18,'M','648-10-5227',8909999909,'722 Nobel Parkway'),
('Lawrence Hill','1959-03-12',57627.2,'M','380-07-0832',8976545654,'722 Nobel Parkway');



INSERT INTO feedback_system VALUES ('FEB1','wstewart0','Great Pizzas! Good prices!','48 Kinsman Alley',9910293831),
('FEB2','jbutler1','Ambience was amazing. Prices could be lowered.','4 Blaine Hill',9218372137),
('FEB3','rgreene2','Loved it! Everything!','48 Kinsman Alley',8291312893),
('FEB4','rstanley3','WOW! VALUE PIZZAS!','826 Arrowood Park',9128379212),
('FEB5','rgutierrez4','MEALS FOR STEALS ARE THE BEST!','48 Kinsman Alley',8679201113),
('FEB6','sbell5','Loving the beverages here! A little steep, but great!','859 Parkside Court',8219731929),
('FEB7','njacobs6','OMG!','5758 Schlimgen Circle',9309237111),
('FEB8','jdixon7','Staff could be more efficient...','3 Westerfield Street',9723821723),
('FEB9','tmorales8','Good service, poor food quality.','5758 Schlimgen Circle',8321653712),
('FEB10','pvasquez9','Cheese was bad, but beverages are good.','2 Buhler Center',7128736218),
('FEB11','aadamse','Would give this place 9/10! Prices! :(','763 Golf Course Cross',7898237928),
('FEB12','hmasonf','Love this place! ','763 Golf Course Cross',9236218372),
('FEB13','hmillsg','Its where my friends and I hang out!','722 Nobel Parkway',8672381263),
('FEB14','clarsonh','Keep up the awesomeness guys!','3 Westerfield Street',9026328366),
('FEB15','chunteri','Didn’t like the food much...ambience is nice','2 Buhler Center',8983912873),
('FEB16','clawrencej','ok...... Prices are a bit much.','859 Parkside Court',9120382039);




INSERT INTO branch_contact_number VALUES( '48 Kinsman Alley',8011323431),
('4 Blaine Hill',8062137672),
('48 Kinsman Alley',8092732622),
('826 Arrowood Park',8099777766),
('48 Kinsman Alley',8067326722),
('859 Parkside Court',8026387283),
('5758 Schlimgen Circle',8090909230),
('3 Westerfield Street',8031323999),
('5758 Schlimgen Circle',8023232399),
('2 Buhler Center',8023232323),
('763 Golf Course Cross',8076777777),
('763 Golf Course Cross',8023734664),
('722 Nobel Parkway',8099999999),
('3 Westerfield Street',8097979797),
('2 Buhler Center',9087878787),
('859 Parkside Court',8053535353);

INSERT INTO stock_phone_number VALUES('29 Service Parkway',9090909090),
('2 Morning Parkway',9080808080),
('499 Prairieview Hill',9087787787),
('06 Northview Court',9076676676),
('041 Boyd Hill',9046565656),
('0 Meadow Ridge Crossing',9012312323),
('84 Eagan Center',9034343434),
('925 Stoughton Point',9085777775),
('15 Sugar Pass',9064546456),
('3 Merrick Plaza',9075334444);

INSERT INTO pizza VALUES 
('PIZ01R','features tomato garlic oregano and extra virgin olive oil','regular','Pizza Marinara','Veg','Traditional American',180),
('PIZ02R','features tomato dried basil and extra virgin olive oil','regular','Pizza Margherita','Veg','Traditional American',180),
('PIZ03R','features tomato dried basil and campania and extra virgin olive oil','regular','Pizza Margherita Extra','Veg','Traditional  American',200),
('PIZ04R','features hand tossed thin crust pies topped with mozzarella and dried tomato’s and truffle oil','regular','New York Style Pizza','Veg','New York Style',200),
('PIZ05R','features mozzarella italian baked ham artichokes and mushrooms','regular','Pizza Capricossa','Veg','Italian Fusion',180),
('PIZ06R','features tomato sauce and four assorted cheeses like parmesan,mozzarella,blue cheese and goats cheese','regular','Quattro Formaggi','Veg','Italian Fusion',250),
('PIZ07R','features tomato sauce, ham, pineapple and mozzarella','regular','Hawaian Pizza','Non-Veg','Traditional Malta',200),
('PIZ08R','features tomato, mozarella, german sausage, oregano, olive oil','regular','Pizza Vienese','Non-Veg','Italian Fusion',180),
('PIZ09R','features tomato, goats cheese, sun dried tomatoes and malitja sausages and onions','regular','Maltija','Non-Veg','Italian Fusion',200),
('PIZ10R','features tomato sauce, doner kebab, onion, green peperoccini','regular','Kebab Pizza','Non-Veg','Arabic Style',225),
('PIZ11R','features minced meat and onion topped with fresh tomato','regular','Bolognese','Non-Veg','Traditional Sweden',200),
('PIZ12R','features goats cheese, trufle oil and kale','regular','Spotted Cow Camambert','Non-Veg','Italian Fusion',225),
('PIZ01M','features tomato garlic oregano and extra virgin olive oil','medium','Pizza Marinara','Veg','Traditional American',220),
('PIZ02M','features tomato dried basil and extra virgin olive oil','medium','Pizza Margherita','Veg','Traditional American',220),
('PIZ03M','features tomato dried basil and campania and extra virgin olive oil','medium','Pizza Margherita Extra','Veg','Traditional  American',240),
('PIZ04M','features hand tossed thin crust pies topped with mozzarella and dried tomato’s and truffle oil','medium','New York Style Pizza','Veg','New York Style',240),
('PIZ05M','features mozzarella italian baked ham artichokes and mushrooms','medium','Pizza Capricossa','Veg','Italian Fusion',220),
('PIZ06M','features tomato sauce and four assorted cheeses like parmesan,mozzarella,blue cheese and goats cheese','medium','Quattro Formaggi','Veg','Italian Fusion',300),
('PIZ07M','features tomato sauce, ham, pineapple and mozzarella','medium','Hawaian Pizza','Non-Veg','Traditional Malta',240),
('PIZ08M','features tomato, mozarella, german sausage, oregano, olive oil','medium','Pizza Vienese','Non-Veg','Italian Fusion',220),
('PIZ09M','features tomato, goats cheese, sun dried tomatoes and malitja sausages and onions','medium','Maltija','Non-Veg','Italian Fusion',240),
('PIZ10M','features tomato sauce, doner kebab, onion, green peperoccini','medium','Kebab Pizza','Non-Veg','Arabic Style',275),
('PIZ11M','features minced meat and onion topped with fresh tomato','medium','Bolognese','Non-Veg','Traditional Sweden',240),
('PIZ12M','features goats cheese, trufle oil and kale','medium','Spotted Cow Camambert','Non-Veg','Italian Fusion',275);


INSERT INTO sides_desserts_drinks VALUES
(30,'IT01S','Garlic bread','baked bread pockets filed with garkic and oregano seasoning ','Veg'),
(40,'IT02S','Quattro Formaggi Bread','baked bread pockets filled with 4 cheeses','Veg'),
(100,'IT03S','Calzone pockets','baked bread pockets filled with chili gumbo','Veg'),
(110,'IT04S','Calzone_nonveg pockets','baked bread pockets filed with sausage and chili','Non-Veg'),
(80,'IT05S','White sauce pasta ','Pasta features Mozzarella white sauce','Veg'),
(100,'IT06S','White sauce pasta non_veg','Pasta featuring white sauce andtopped with bbq chicken ','Non-Veg'),
(20,'IT07S','Garlic bread dip','Features organic mayo mixed with olive oil and traditional spices','Veg'),
(30,'IT08S','Garlic bread dip + jalapeno’s','Features organic mayo mixed with jalapeno oil ','Veg'),
(90,'IT09S','Hot chicken wings','Spicy chicken wings dipped in secret hot sauce','Non-Veg'),
(80,'IT10S','Chicken nuggets','Custom spiced fried chicken','Non-Veg'),
(70,'IT11S','Chocolate brownie','Features dark chocolate 70% topped with a bit of chili','Veg'),
(65,'IT12S','Vanilla panacotta','traditional panacotta topped with vanila bean and rhubarb ','Non-Veg'),
(70,'IT13S','Choco Caramel trifle','Features chocolat mouse whipped cream and caramel bombs','Veg'),
(90,'IT01D','Monster energy','Energising!','Veg'),
(50,'IT02D','Cola','Just your normal cola!','Veg'),
(50,'IT03D','Cold coffee','Its really cold!','Veg'),
(70,'IT04D','Green Apple Mojito','Need we say more?','Veg'),
(70,'IT05D','Raspberry Mojito','Must try!','Veg'),
(80,'IT14S','Sausage corn bread stuffing','traditional corn bread filled wirh molten mozzarella sticks and sausage','Non-Veg'),
(80,'IT15S','Fresh green brean Casserole','traditionally backed grean bean chilli gumbo with quattro cheese in a hot casserole','Non-Veg');


INSERT INTO orders VALUES 
('ORD00001','2017-02-02 16:57:21','2017-02-02 17:57:21',456.73,9910293831,'48 Kinsman Alley','FH20'),
('ORD00002','2017-01-15 19:11:29','2017-01-15 20:11:29',873.21,9218372137,'4 Blaine Hill',null),
('ORD00003','2016-09-18 17:48:00','2016-09-18 18:48:00',345.45,8679201113,'5758 Schlimgen Circle','FE60'),
('ORD00004','2016-08-05 20:32:22','2016-08-05 20:52:22',233.23,9128379212,'2 Buhler Center',null),
('ORD00005','2016-09-18 17:48:00','2016-09-18 18:18:00',875.22,8679201113,'859 Parkside Court','FH25'),
('ORD00006','2016-09-18 15:48:00','2016-09-18 16:28:00',647.77,8679201113,'763 Golf Course Cross',null),
('ORD00007','2016-08-05 14:27:00','2016-08-05 14:57:00',935.22,9128379212,'859 Parkside Court',null),
('ORD00008','2017-01-31 09:34:41','2017-01-31 10:14:41',1097.67,9309237111,'826 Arrowood Park',null),
('ORD00009','2017-01-14 13:23:00','2017-01-14 13:57:00',987.8,9723821723,'53 Shasta Crossing',null),
('ORD00010','2017-02-19 16:18:00','2017-02-19 16:55:00',1242.21,7898237928,'722 Nobel Parkway',null),
('ORD00011','2017-02-18 11:44:00','2017-02-18 12:59:00',3298.66,9026328366,'722 Nobel Parkway','FE60');

INSERT INTO handled_by VALUES ('ORD00001','483-09-2818'),('ORD00001','413-57-4922'),('ORD00002','336-49-5935'),('ORD00003','270-58-8716'),('ORD00004','476-76-6735'),('ORD00004','461-20-2243'),('ORD00005','393-76-0968'),('ORD00006','682-50-2779'),('ORD00006','528-47-5777'),('ORD00007','393-76-0968'),('ORD00008','841-97-7701'),('ORD00009','496-62-6475'),('ORD00009','452-98-0868'),('ORD00010','648-10-5227'),('ORD00010','380-07-0832'),('ORD00011','648-10-5227'),('ORD00011','380-07-0832');


INSERT INTO pizza_placed_for VALUES ('PIZ01R','ORD00001',1),('PIZ02M','ORD00001',1),('PIZ02M','ORD00002',1),('PIZ11M','ORD00003',1),('PIZ04R','ORD00004',2), ('PIZ05M','ORD00005',1),('PIZ07R','ORD00005',1),('PIZ10M','ORD00006',2),('PIZ11R','ORD00007',3),('PIZ11R','ORD00008',4),('PIZ10M','ORD00011',4);

INSERT INTO sides_placed_for VALUES ('IT11S','ORD00002',1), ('IT01D','ORD00003',1),('IT02S','ORD00003',1),('IT11S','ORD00004',1),('IT02D','ORD00004',1),('IT02S','ORD00005',1),('IT08S','ORD00007',1),('IT10S','ORD00006',1),('IT02D','ORD00009',1),('IT02D','ORD00008',4);



INSERT INTO pizza_ingredients VALUES
('SEA123' , 'PIZ01R') ,
('PEP123' , 'PIZ10R') , 
('CAP123' , 'PIZ10R'),
('SEA123' , 'PIZ02R') , 
('SEA123' , 'PIZ03R') , 
('SEA123' , 'PIZ04R') , 
('SEA123' , 'PIZ05R') , 
('SEA123' , 'PIZ06R') ,
('SEA123' , 'PIZ07R') , 
('SEA123' , 'PIZ08R') , 
('SEA123' , 'PIZ09R') , 
('SEA123' , 'PIZ10R') , 
('SEA123' , 'PIZ11R') ,
('TOM123' , 'PIZ01R') ,
('TOM123' , 'PIZ02R') , 
('TOM123' , 'PIZ03R') , 
('TOM123' , 'PIZ04R') , 
('TOM123' , 'PIZ05R') , 
('TOM123' , 'PIZ06R') ,
('TOM123' , 'PIZ07R') , 
('TOM123' , 'PIZ08R') , 
('TOM123' , 'PIZ09R') , 
('TOM123' , 'PIZ10R') , 
('TOM123' , 'PIZ11R') , 
('TOM123' , 'PIZ12R') , 
('CHE123' , 'PIZ01R') ,
('CHE123' , 'PIZ02R') , 
('CHE123' , 'PIZ03R') , 
('CHE123' , 'PIZ04R') , 
('CHE123' , 'PIZ05R') , 
('CHE123' , 'PIZ06R') ,
('CHE123' , 'PIZ07R') , 
('CHE123' , 'PIZ08R') , 
('CHE123' , 'PIZ09R') , 
('CHE123' , 'PIZ10R') , 
('CHE123' , 'PIZ11R') ,
('CHE123' , 'PIZ12R') ,
('OLI123' , 'PIZ01R') ,
('OLI123' , 'PIZ02R') ,
('OLI123' , 'PIZ11R') ,
('ON123' , 'PIZ03R') , 
('ON123' , 'PIZ04R') , 
('ON123' , 'PIZ05R') , 
('ON123' , 'PIZ06R') ,
('MUS123' , 'PIZ11R') ,
('MUS123' , 'PIZ01R') ,
('MUS123' , 'PIZ02R') , 
('ON123' , 'PIZ07R') , 
('ON123' , 'PIZ08R') , 
('ON123' , 'PIZ09R') , 
('ON123' , 'PIZ10R') ,
 
('SEA123' , 'PIZ01M') ,
('PEP123' , 'PIZ10M') , 
('CAP123' , 'PIZ10M'),
('SEA123' , 'PIZ02M') , 
('SEA123' , 'PIZ03M') , 
('SEA123' , 'PIZ04M') , 
('SEA123' , 'PIZ05M') , 
('SEA123' , 'PIZ06M') ,
('SEA123' , 'PIZ07M') , 
('SEA123' , 'PIZ08M') , 
('SEA123' , 'PIZ09M') , 
('SEA123' , 'PIZ10M') , 
('SEA123' , 'PIZ11M') ,
('TOM123' , 'PIZ01M') ,
('TOM123' , 'PIZ02M') , 
('TOM123' , 'PIZ03M') , 
('TOM123' , 'PIZ04M') , 
('TOM123' , 'PIZ05M') , 
('TOM123' , 'PIZ06M') ,
('TOM123' , 'PIZ07M') , 
('TOM123' , 'PIZ08M') , 
('TOM123' , 'PIZ09M') , 
('TOM123' , 'PIZ10M') , 
('TOM123' , 'PIZ11M') , 
('TOM123' , 'PIZ12M') , 
('CHE123' , 'PIZ01M') ,
('CHE123' , 'PIZ02M') , 
('CHE123' , 'PIZ03M') , 
('CHE123' , 'PIZ04M') , 
('CHE123' , 'PIZ05M') , 
('CHE123' , 'PIZ06M') ,
('CHE123' , 'PIZ07M') , 
('CHE123' , 'PIZ08M') , 
('CHE123' , 'PIZ09M') , 
('CHE123' , 'PIZ10M') , 
('CHE123' , 'PIZ11M') ,
('CHE123' , 'PIZ12M') ,
('OLI123' , 'PIZ01M') ,
('OLI123' , 'PIZ02M') ,
('OLI123' , 'PIZ11M') ,
('ON123' , 'PIZ03M') , 
('ON123' , 'PIZ04M') , 
('ON123' , 'PIZ05M') , 
('ON123' , 'PIZ06M') ,
('MUS123' , 'PIZ11M') ,
('MUS123' , 'PIZ01M') ,
('MUS123' , 'PIZ02M') , 
('ON123' , 'PIZ07M') , 
('ON123' , 'PIZ08M') , 
('ON123' , 'PIZ09M') , 
('ON123' , 'PIZ10M') ; 
	

INSERT INTO sides_ingredients VALUES 

('SEA123' , 'IT01S') ,
('PEP123' , 'IT10S') , 
('CAP123' , 'IT10S'),
('SEA123' , 'IT02S') , 
('SEA123' , 'IT03S') , 
('SEA123' , 'IT04S') , 
('SEA123' , 'IT05S') , 
('SEA123' , 'IT06S') ,
('SEA123' , 'IT07S') , 
('SEA123' , 'IT08S') , 
('SEA123' , 'IT09S') , 
('SEA123' , 'IT10S') , 
('SEA123' , 'IT11S') ,
('SEA123' , 'IT12S') , 
('SEA123' , 'IT13S') , 
('SEA123' , 'IT14S') , 
('SEA123' , 'IT15S') , 
('TOM123' , 'IT01S') ,
('TOM123' , 'IT02S') , 
('TOM123' , 'IT03S') , 
('TOM123' , 'IT04S') , 
('TOM123' , 'IT05S') , 
('TOM123' , 'IT06S') ,
('TOM123' , 'IT11S') , 
('TOM123' , 'IT12S') , 
('CHE123' , 'IT01S') ,
('CHE123' , 'IT15S') , 
('CHE123' , 'IT02S') , 
('ON123' , 'IT03S') , 
('ON123' , 'IT04S') , 
('ON123' , 'IT05S') , 
('ON123' , 'IT06S') ;





